{"cameraMode":{"drawMode":0,"name":"Shaded","section":"Shading Mode"},"sceneLighting":true,"audioPlay":false,"sceneViewState":{"showFog":true,"showMaterialUpdate":false,"showSkybox":false,"showFlares":true,"showImageEffects":true,"showParticleSystems":true},"in2DMode":false,"pivot":{"x":8.250961303710938,"y":10.049999237060547,"z":7.488218307495117},"rotation":{"x":0.23839141428470612,"y":-0.09161863476037979,"z":0.02259659953415394,"w":0.9665753245353699},"size":77.55448913574219,"orthographic":false}