{"cameraMode":{"drawMode":0,"name":"Shaded","section":"Shading Mode"},"sceneLighting":true,"audioPlay":false,"sceneViewState":{"showFog":true,"showMaterialUpdate":false,"showSkybox":false,"showFlares":true,"showImageEffects":true,"showParticleSystems":true},"in2DMode":false,"pivot":{"x":-59.902732849121097,"y":-5.077301502227783,"z":47.198577880859378},"rotation":{"x":-0.1239202544093132,"y":-0.6429202556610107,"z":0.10646596550941467,"w":-0.7483137249946594},"size":64.69731903076172,"orthographic":false}